{
  "access": [],
  "components": [
    {
      "components": [
        {
          "name": "pageTitle",
          "size": "H1",
          "text": "Home",
          "type": "heading"
        },
        {
          "addText": "Add",
          "columns": [
            {
              "property": "text",
              "title": "Text",
              "type": "string"
            },
            {
              "property": "value",
              "title": "Value",
              "type": "string"
            }
          ],
          "confirmDeleteCancelText": "Cancel",
          "confirmDeleteOkText": "Ok",
          "confirmDeleteText": "Are you sure you want to delete this record?",
          "confirmDeleteTitle": "Confirmation",
          "data": "${data}",
          "emptyText": "No records to display.",
          "events": {
            "rowSelect": [
              {
                "name": "selectedPdf",
                "type": "set",
                "value": "${event}"
              }
            ]
          },
          "name": "grid0",
          "type": "grid",
          "value": ""
        },
        {
          "content": "<iframe [src]=\"selectedPdf?.value | safe\" width=\"900\" height=\"500\"></iframe>",
          "name": "html0",
          "type": "html",
          "visible": "${selectedPdf}"
        }
      ],
      "container": "main",
      "type": "content"
    }
  ],
  "events": {
    "load": [
      {
        "name": "data",
        "type": "set",
        "value": "[ { text: 'sample', value: 'http://www.africau.edu/images/default/sample.pdf' }, { text: 'dummy', value: 'https://www.w3.org/WAI/ER/tests/xhtml/testfiles/resources/pdf/dummy.pdf' }]"
      },
      {
        "name": "selectedPdf",
        "type": "set",
        "value": "null"
      }
    ]
  },
  "layout": "Main",
  "name": "Home"
}